filename,name,body_type,morphology,attire,height_cm,size_category,backend_url
cuerpo_01_plus_size_curvy_bodysuit.jpg,Camila (Plus-Size / Curvy),Plus-Size / Curvy (Talla L-XL),"Curvas pronunciadas, busto y caderas con volumen natural, abdomen suave",Bodysuit negro ajustado sin mangas,167,L / XL,/uploads/models/cuerpo_01_plus_size_curvy_bodysuit.jpg
cuerpo_02_plus_size_curvy_crop_shorts.jpg,Maya (Curvy / Gordita Two-Piece),Curvy / Gordita (Talla L-XL),"Estructura corporal curvilínea, caderas y muslos anchos, cintura media",Crop top negro ajustado manga corta + Biker shorts negros,165,L / XL,/uploads/models/cuerpo_02_plus_size_curvy_crop_shorts.jpg
cuerpo_03_pera_triangulo_caderas_anchas.jpg,Lucía (Cuerpo Pera / Triángulo),Pera / Triángulo (Pear Shape),"Hombros y busto estrechos, cintura marcada, caderas y muslos predominantes",Bodysuit negro ajustado escote redondo,168,M / 38-40,/uploads/models/cuerpo_03_pera_triangulo_caderas_anchas.jpg
cuerpo_04_ovalado_manzana_torso_redondo.jpg,Mariana (Cuerpo Ovalado / Manzana),Ovalado / Manzana (Apple / Round Shape),"Mayor volumen concentrado en el abdomen y torso, piernas y brazos proporcionados",Bodysuit negro ajustado cuello cerrado,166,L / 40-42,/uploads/models/cuerpo_04_ovalado_manzana_torso_redondo.jpg
cuerpo_05_rectangular_atletico_lineal.jpg,Elena (Cuerpo Rectangular / Atlético),Rectangular / Recto (Column / Athletic),"Hombros, cintura y caderas en línea armónica, silueta atlética tonificada",Bodysuit negro ajustado sin mangas,172,S-M / 36-38,/uploads/models/cuerpo_05_rectangular_atletico_lineal.jpg
cuerpo_06_triangulo_invertido_atletico.jpg,Valeria (Cuerpo Triángulo Invertido),Triángulo Invertido (Inverted Triangle),"Hombros y espalda ancha atlética, cintura ceñida, caderas estilizadas",Bodysuit negro ajustado,173,S-M / 36,/uploads/models/cuerpo_06_triangulo_invertido_atletico.jpg
cuerpo_07_reloj_arena_mediano_conjunto_blanco.jpg,Emma (Reloj de Arena Mediano),Reloj de Arena / Mediano (Hourglass Medium),Proporción equilibrada entre busto y caderas con cintura definida (talla M),Top deportivo blanco + Boy-shorts blancos,168,M,/uploads/models/cuerpo_07_reloj_arena_mediano_conjunto_blanco.jpg
cuerpo_08_esbelto_reloj_arena_bodysuit_negro.jpg,Sofía (Reloj de Arena Esbelto),Reloj de Arena Esbelto (Hourglass Slim),"Silueta clásica de pasarela, cintura fina, proporciones estilizadas",Bodysuit negro ajustado escote pronunciado,174,S,/uploads/models/cuerpo_08_esbelto_reloj_arena_bodysuit_negro.jpg
cuerpo_09_esbelto_atletico_crop_shorts.jpg,Isabella (Esbelto Atlético Two-Piece),Esbelto Atlético (Slim Athletic),"Torso compacto, piernas largas, talle fino",Crop top negro manga corta + Biker shorts negros,170,S / 36,/uploads/models/cuerpo_09_esbelto_atletico_crop_shorts.jpg
